<?xml version="1.0" encoding="UTF-8"?>
<kml xmlns="http://www.opengis.net/kml/2.2" xmlns:gx="http://www.google.com/kml/ext/2.2">
    <Document id="1566">
        <Style id="1569">
            <IconStyle id="1570">
                <color>ff0000ff</color>
                <colorMode>normal</colorMode>
                <scale>1.2</scale>
                <heading>0</heading>
                <Icon id="1571">
                    <href>http://maps.google.com/mapfiles/kml/pushpin/ylw-pushpin.png</href>
                </Icon>
            </IconStyle>
        </Style>
        <Style id="1574">
            <IconStyle id="1575">
                <color>ff0000ff</color>
                <colorMode>normal</colorMode>
                <scale>1.2</scale>
                <heading>0</heading>
                <Icon id="1576">
                    <href>http://maps.google.com/mapfiles/kml/pushpin/ylw-pushpin.png</href>
                </Icon>
            </IconStyle>
        </Style>
        <Style id="1579">
            <IconStyle id="1580">
                <color>ff0000ff</color>
                <colorMode>normal</colorMode>
                <scale>1.2</scale>
                <heading>0</heading>
                <Icon id="1581">
                    <href>http://maps.google.com/mapfiles/kml/pushpin/ylw-pushpin.png</href>
                </Icon>
            </IconStyle>
        </Style>
        <Style id="1584">
            <IconStyle id="1585">
                <color>ff0000ff</color>
                <colorMode>normal</colorMode>
                <scale>1.2</scale>
                <heading>0</heading>
                <Icon id="1586">
                    <href>http://maps.google.com/mapfiles/kml/pushpin/ylw-pushpin.png</href>
                </Icon>
            </IconStyle>
        </Style>
        <Style id="1589">
            <IconStyle id="1590">
                <color>ff0000ff</color>
                <colorMode>normal</colorMode>
                <scale>1.2</scale>
                <heading>0</heading>
                <Icon id="1591">
                    <href>http://maps.google.com/mapfiles/kml/pushpin/ylw-pushpin.png</href>
                </Icon>
            </IconStyle>
        </Style>
        <Style id="1594">
            <IconStyle id="1595">
                <color>ff0000ff</color>
                <colorMode>normal</colorMode>
                <scale>1.2</scale>
                <heading>0</heading>
                <Icon id="1596">
                    <href>http://maps.google.com/mapfiles/kml/pushpin/ylw-pushpin.png</href>
                </Icon>
            </IconStyle>
        </Style>
        <Style id="1599">
            <IconStyle id="1600">
                <color>ff0000ff</color>
                <colorMode>normal</colorMode>
                <scale>1.2</scale>
                <heading>0</heading>
                <Icon id="1601">
                    <href>http://maps.google.com/mapfiles/kml/pushpin/ylw-pushpin.png</href>
                </Icon>
            </IconStyle>
        </Style>
        <Style id="1604">
            <IconStyle id="1605">
                <color>ff0000ff</color>
                <colorMode>normal</colorMode>
                <scale>1.2</scale>
                <heading>0</heading>
                <Icon id="1606">
                    <href>http://maps.google.com/mapfiles/kml/pushpin/ylw-pushpin.png</href>
                </Icon>
            </IconStyle>
        </Style>
        <Style id="1609">
            <IconStyle id="1610">
                <color>ff0000ff</color>
                <colorMode>normal</colorMode>
                <scale>1.2</scale>
                <heading>0</heading>
                <Icon id="1611">
                    <href>http://maps.google.com/mapfiles/kml/pushpin/ylw-pushpin.png</href>
                </Icon>
            </IconStyle>
        </Style>
        <Style id="1614">
            <IconStyle id="1615">
                <color>ff0000ff</color>
                <colorMode>normal</colorMode>
                <scale>1.2</scale>
                <heading>0</heading>
                <Icon id="1616">
                    <href>http://maps.google.com/mapfiles/kml/pushpin/ylw-pushpin.png</href>
                </Icon>
            </IconStyle>
        </Style>
        <Style id="1619">
            <IconStyle id="1620">
                <color>ff0000ff</color>
                <colorMode>normal</colorMode>
                <scale>1.2</scale>
                <heading>0</heading>
                <Icon id="1621">
                    <href>http://maps.google.com/mapfiles/kml/pushpin/ylw-pushpin.png</href>
                </Icon>
            </IconStyle>
        </Style>
        <Style id="1624">
            <IconStyle id="1625">
                <color>ff0000ff</color>
                <colorMode>normal</colorMode>
                <scale>1.2</scale>
                <heading>0</heading>
                <Icon id="1626">
                    <href>http://maps.google.com/mapfiles/kml/pushpin/ylw-pushpin.png</href>
                </Icon>
            </IconStyle>
        </Style>
        <Style id="1629">
            <IconStyle id="1630">
                <color>ff0000ff</color>
                <colorMode>normal</colorMode>
                <scale>1.2</scale>
                <heading>0</heading>
                <Icon id="1631">
                    <href>http://maps.google.com/mapfiles/kml/pushpin/ylw-pushpin.png</href>
                </Icon>
            </IconStyle>
        </Style>
        <Style id="1634">
            <IconStyle id="1635">
                <color>ff0000ff</color>
                <colorMode>normal</colorMode>
                <scale>1.2</scale>
                <heading>0</heading>
                <Icon id="1636">
                    <href>http://maps.google.com/mapfiles/kml/pushpin/ylw-pushpin.png</href>
                </Icon>
            </IconStyle>
        </Style>
        <Style id="1639">
            <IconStyle id="1640">
                <color>ff0000ff</color>
                <colorMode>normal</colorMode>
                <scale>1.2</scale>
                <heading>0</heading>
                <Icon id="1641">
                    <href>http://maps.google.com/mapfiles/kml/pushpin/ylw-pushpin.png</href>
                </Icon>
            </IconStyle>
        </Style>
        <Style id="1644">
            <IconStyle id="1645">
                <color>ff0000ff</color>
                <colorMode>normal</colorMode>
                <scale>1.2</scale>
                <heading>0</heading>
                <Icon id="1646">
                    <href>http://maps.google.com/mapfiles/kml/pushpin/ylw-pushpin.png</href>
                </Icon>
            </IconStyle>
        </Style>
        <Style id="1649">
            <IconStyle id="1650">
                <color>ff0000ff</color>
                <colorMode>normal</colorMode>
                <scale>1.2</scale>
                <heading>0</heading>
                <Icon id="1651">
                    <href>http://maps.google.com/mapfiles/kml/pushpin/ylw-pushpin.png</href>
                </Icon>
            </IconStyle>
        </Style>
        <Style id="1654">
            <IconStyle id="1655">
                <color>ff0000ff</color>
                <colorMode>normal</colorMode>
                <scale>1.2</scale>
                <heading>0</heading>
                <Icon id="1656">
                    <href>http://maps.google.com/mapfiles/kml/pushpin/ylw-pushpin.png</href>
                </Icon>
            </IconStyle>
        </Style>
        <Style id="1659">
            <IconStyle id="1660">
                <color>ff0000ff</color>
                <colorMode>normal</colorMode>
                <scale>1.2</scale>
                <heading>0</heading>
                <Icon id="1661">
                    <href>http://maps.google.com/mapfiles/kml/pushpin/ylw-pushpin.png</href>
                </Icon>
            </IconStyle>
        </Style>
        <Style id="1664">
            <IconStyle id="1665">
                <color>ff0000ff</color>
                <colorMode>normal</colorMode>
                <scale>1.2</scale>
                <heading>0</heading>
                <Icon id="1666">
                    <href>http://maps.google.com/mapfiles/kml/pushpin/ylw-pushpin.png</href>
                </Icon>
            </IconStyle>
        </Style>
        <Style id="1669">
            <IconStyle id="1670">
                <color>ff0000ff</color>
                <colorMode>normal</colorMode>
                <scale>1.2</scale>
                <heading>0</heading>
                <Icon id="1671">
                    <href>http://maps.google.com/mapfiles/kml/pushpin/ylw-pushpin.png</href>
                </Icon>
            </IconStyle>
        </Style>
        <Style id="1674">
            <IconStyle id="1675">
                <color>ff0000ff</color>
                <colorMode>normal</colorMode>
                <scale>1.2</scale>
                <heading>0</heading>
                <Icon id="1676">
                    <href>http://maps.google.com/mapfiles/kml/pushpin/ylw-pushpin.png</href>
                </Icon>
            </IconStyle>
        </Style>
        <Style id="1679">
            <IconStyle id="1680">
                <color>ff0000ff</color>
                <colorMode>normal</colorMode>
                <scale>1.2</scale>
                <heading>0</heading>
                <Icon id="1681">
                    <href>http://maps.google.com/mapfiles/kml/pushpin/ylw-pushpin.png</href>
                </Icon>
            </IconStyle>
        </Style>
        <Style id="1684">
            <IconStyle id="1685">
                <color>ff0000ff</color>
                <colorMode>normal</colorMode>
                <scale>1.2</scale>
                <heading>0</heading>
                <Icon id="1686">
                    <href>http://maps.google.com/mapfiles/kml/pushpin/ylw-pushpin.png</href>
                </Icon>
            </IconStyle>
        </Style>
        <Style id="1689">
            <IconStyle id="1690">
                <color>ff0000ff</color>
                <colorMode>normal</colorMode>
                <scale>1.2</scale>
                <heading>0</heading>
                <Icon id="1691">
                    <href>http://maps.google.com/mapfiles/kml/pushpin/ylw-pushpin.png</href>
                </Icon>
            </IconStyle>
        </Style>
        <Style id="1694">
            <IconStyle id="1695">
                <color>ff0000ff</color>
                <colorMode>normal</colorMode>
                <scale>1.2</scale>
                <heading>0</heading>
                <Icon id="1696">
                    <href>http://maps.google.com/mapfiles/kml/pushpin/ylw-pushpin.png</href>
                </Icon>
            </IconStyle>
        </Style>
        <Style id="1699">
            <IconStyle id="1700">
                <color>ff0000ff</color>
                <colorMode>normal</colorMode>
                <scale>1.2</scale>
                <heading>0</heading>
                <Icon id="1701">
                    <href>http://maps.google.com/mapfiles/kml/pushpin/ylw-pushpin.png</href>
                </Icon>
            </IconStyle>
        </Style>
        <Style id="1704">
            <IconStyle id="1705">
                <color>ff0000ff</color>
                <colorMode>normal</colorMode>
                <scale>1.2</scale>
                <heading>0</heading>
                <Icon id="1706">
                    <href>http://maps.google.com/mapfiles/kml/pushpin/ylw-pushpin.png</href>
                </Icon>
            </IconStyle>
        </Style>
        <Style id="1709">
            <IconStyle id="1710">
                <color>ff0000ff</color>
                <colorMode>normal</colorMode>
                <scale>1.2</scale>
                <heading>0</heading>
                <Icon id="1711">
                    <href>http://maps.google.com/mapfiles/kml/pushpin/ylw-pushpin.png</href>
                </Icon>
            </IconStyle>
        </Style>
        <Style id="1714">
            <IconStyle id="1715">
                <color>ff0000ff</color>
                <colorMode>normal</colorMode>
                <scale>1.2</scale>
                <heading>0</heading>
                <Icon id="1716">
                    <href>http://maps.google.com/mapfiles/kml/pushpin/ylw-pushpin.png</href>
                </Icon>
            </IconStyle>
        </Style>
        <Style id="1719">
            <IconStyle id="1720">
                <color>ff0000ff</color>
                <colorMode>normal</colorMode>
                <scale>1.2</scale>
                <heading>0</heading>
                <Icon id="1721">
                    <href>http://maps.google.com/mapfiles/kml/pushpin/ylw-pushpin.png</href>
                </Icon>
            </IconStyle>
        </Style>
        <Style id="1724">
            <IconStyle id="1725">
                <color>ff0000ff</color>
                <colorMode>normal</colorMode>
                <scale>1.2</scale>
                <heading>0</heading>
                <Icon id="1726">
                    <href>http://maps.google.com/mapfiles/kml/pushpin/ylw-pushpin.png</href>
                </Icon>
            </IconStyle>
        </Style>
        <Style id="1729">
            <IconStyle id="1730">
                <color>ff0000ff</color>
                <colorMode>normal</colorMode>
                <scale>1.2</scale>
                <heading>0</heading>
                <Icon id="1731">
                    <href>http://maps.google.com/mapfiles/kml/pushpin/ylw-pushpin.png</href>
                </Icon>
            </IconStyle>
        </Style>
        <Style id="1734">
            <IconStyle id="1735">
                <color>ff0000ff</color>
                <colorMode>normal</colorMode>
                <scale>1.2</scale>
                <heading>0</heading>
                <Icon id="1736">
                    <href>http://maps.google.com/mapfiles/kml/pushpin/ylw-pushpin.png</href>
                </Icon>
            </IconStyle>
        </Style>
        <Style id="1739">
            <IconStyle id="1740">
                <color>ff0000ff</color>
                <colorMode>normal</colorMode>
                <scale>1.2</scale>
                <heading>0</heading>
                <Icon id="1741">
                    <href>http://maps.google.com/mapfiles/kml/pushpin/ylw-pushpin.png</href>
                </Icon>
            </IconStyle>
        </Style>
        <Style id="1744">
            <IconStyle id="1745">
                <color>ff0000ff</color>
                <colorMode>normal</colorMode>
                <scale>1.2</scale>
                <heading>0</heading>
                <Icon id="1746">
                    <href>http://maps.google.com/mapfiles/kml/pushpin/ylw-pushpin.png</href>
                </Icon>
            </IconStyle>
        </Style>
        <Style id="1749">
            <IconStyle id="1750">
                <color>ff0000ff</color>
                <colorMode>normal</colorMode>
                <scale>1.2</scale>
                <heading>0</heading>
                <Icon id="1751">
                    <href>http://maps.google.com/mapfiles/kml/pushpin/ylw-pushpin.png</href>
                </Icon>
            </IconStyle>
        </Style>
        <Style id="1754">
            <IconStyle id="1755">
                <color>ff0000ff</color>
                <colorMode>normal</colorMode>
                <scale>1.2</scale>
                <heading>0</heading>
                <Icon id="1756">
                    <href>http://maps.google.com/mapfiles/kml/pushpin/ylw-pushpin.png</href>
                </Icon>
            </IconStyle>
        </Style>
        <Style id="1759">
            <IconStyle id="1760">
                <color>ff0000ff</color>
                <colorMode>normal</colorMode>
                <scale>1.2</scale>
                <heading>0</heading>
                <Icon id="1761">
                    <href>http://maps.google.com/mapfiles/kml/pushpin/ylw-pushpin.png</href>
                </Icon>
            </IconStyle>
        </Style>
        <Style id="1764">
            <IconStyle id="1765">
                <color>ff0000ff</color>
                <colorMode>normal</colorMode>
                <scale>1.2</scale>
                <heading>0</heading>
                <Icon id="1766">
                    <href>http://maps.google.com/mapfiles/kml/pushpin/ylw-pushpin.png</href>
                </Icon>
            </IconStyle>
        </Style>
        <Style id="1769">
            <IconStyle id="1770">
                <color>ff0000ff</color>
                <colorMode>normal</colorMode>
                <scale>1.2</scale>
                <heading>0</heading>
                <Icon id="1771">
                    <href>http://maps.google.com/mapfiles/kml/pushpin/ylw-pushpin.png</href>
                </Icon>
            </IconStyle>
        </Style>
        <Style id="1774">
            <IconStyle id="1775">
                <color>ff0000ff</color>
                <colorMode>normal</colorMode>
                <scale>1.2</scale>
                <heading>0</heading>
                <Icon id="1776">
                    <href>http://maps.google.com/mapfiles/kml/pushpin/ylw-pushpin.png</href>
                </Icon>
            </IconStyle>
        </Style>
        <Style id="1779">
            <IconStyle id="1780">
                <color>ff0000ff</color>
                <colorMode>normal</colorMode>
                <scale>1.2</scale>
                <heading>0</heading>
                <Icon id="1781">
                    <href>http://maps.google.com/mapfiles/kml/pushpin/ylw-pushpin.png</href>
                </Icon>
            </IconStyle>
        </Style>
        <Style id="1784">
            <IconStyle id="1785">
                <color>ff0000ff</color>
                <colorMode>normal</colorMode>
                <scale>1.2</scale>
                <heading>0</heading>
                <Icon id="1786">
                    <href>http://maps.google.com/mapfiles/kml/pushpin/ylw-pushpin.png</href>
                </Icon>
            </IconStyle>
        </Style>
        <Style id="1789">
            <IconStyle id="1790">
                <color>ff0000ff</color>
                <colorMode>normal</colorMode>
                <scale>1.2</scale>
                <heading>0</heading>
                <Icon id="1791">
                    <href>http://maps.google.com/mapfiles/kml/pushpin/ylw-pushpin.png</href>
                </Icon>
            </IconStyle>
        </Style>
        <Style id="1794">
            <IconStyle id="1795">
                <color>ff0000ff</color>
                <colorMode>normal</colorMode>
                <scale>1.2</scale>
                <heading>0</heading>
                <Icon id="1796">
                    <href>http://maps.google.com/mapfiles/kml/pushpin/ylw-pushpin.png</href>
                </Icon>
            </IconStyle>
        </Style>
        <Style id="1799">
            <IconStyle id="1800">
                <color>ff0000ff</color>
                <colorMode>normal</colorMode>
                <scale>1.2</scale>
                <heading>0</heading>
                <Icon id="1801">
                    <href>http://maps.google.com/mapfiles/kml/pushpin/ylw-pushpin.png</href>
                </Icon>
            </IconStyle>
        </Style>
        <Style id="1804">
            <IconStyle id="1805">
                <color>ff0000ff</color>
                <colorMode>normal</colorMode>
                <scale>1.2</scale>
                <heading>0</heading>
                <Icon id="1806">
                    <href>http://maps.google.com/mapfiles/kml/pushpin/ylw-pushpin.png</href>
                </Icon>
            </IconStyle>
        </Style>
        <Style id="1809">
            <IconStyle id="1810">
                <color>ff0000ff</color>
                <colorMode>normal</colorMode>
                <scale>1.2</scale>
                <heading>0</heading>
                <Icon id="1811">
                    <href>http://maps.google.com/mapfiles/kml/pushpin/ylw-pushpin.png</href>
                </Icon>
            </IconStyle>
        </Style>
        <Style id="1814">
            <IconStyle id="1815">
                <color>ff0000ff</color>
                <colorMode>normal</colorMode>
                <scale>1.2</scale>
                <heading>0</heading>
                <Icon id="1816">
                    <href>http://maps.google.com/mapfiles/kml/pushpin/ylw-pushpin.png</href>
                </Icon>
            </IconStyle>
        </Style>
        <Style id="1819">
            <IconStyle id="1820">
                <color>ff0000ff</color>
                <colorMode>normal</colorMode>
                <scale>1.2</scale>
                <heading>0</heading>
                <Icon id="1821">
                    <href>http://maps.google.com/mapfiles/kml/pushpin/ylw-pushpin.png</href>
                </Icon>
            </IconStyle>
        </Style>
        <Style id="1824">
            <IconStyle id="1825">
                <color>ff0000ff</color>
                <colorMode>normal</colorMode>
                <scale>1.2</scale>
                <heading>0</heading>
                <Icon id="1826">
                    <href>http://maps.google.com/mapfiles/kml/pushpin/ylw-pushpin.png</href>
                </Icon>
            </IconStyle>
        </Style>
        <Style id="1829">
            <IconStyle id="1830">
                <color>ff0000ff</color>
                <colorMode>normal</colorMode>
                <scale>1.2</scale>
                <heading>0</heading>
                <Icon id="1831">
                    <href>http://maps.google.com/mapfiles/kml/pushpin/ylw-pushpin.png</href>
                </Icon>
            </IconStyle>
        </Style>
        <Style id="1834">
            <IconStyle id="1835">
                <color>ff0000ff</color>
                <colorMode>normal</colorMode>
                <scale>1.2</scale>
                <heading>0</heading>
                <Icon id="1836">
                    <href>http://maps.google.com/mapfiles/kml/pushpin/ylw-pushpin.png</href>
                </Icon>
            </IconStyle>
        </Style>
        <Style id="1839">
            <IconStyle id="1840">
                <color>ff0000ff</color>
                <colorMode>normal</colorMode>
                <scale>1.2</scale>
                <heading>0</heading>
                <Icon id="1841">
                    <href>http://maps.google.com/mapfiles/kml/pushpin/ylw-pushpin.png</href>
                </Icon>
            </IconStyle>
        </Style>
        <Style id="1844">
            <IconStyle id="1845">
                <color>ff0000ff</color>
                <colorMode>normal</colorMode>
                <scale>1.2</scale>
                <heading>0</heading>
                <Icon id="1846">
                    <href>http://maps.google.com/mapfiles/kml/pushpin/ylw-pushpin.png</href>
                </Icon>
            </IconStyle>
        </Style>
        <Style id="1849">
            <IconStyle id="1850">
                <color>ff0000ff</color>
                <colorMode>normal</colorMode>
                <scale>1.2</scale>
                <heading>0</heading>
                <Icon id="1851">
                    <href>http://maps.google.com/mapfiles/kml/pushpin/ylw-pushpin.png</href>
                </Icon>
            </IconStyle>
        </Style>
        <Style id="1854">
            <IconStyle id="1855">
                <color>ff0000ff</color>
                <colorMode>normal</colorMode>
                <scale>1.2</scale>
                <heading>0</heading>
                <Icon id="1856">
                    <href>http://maps.google.com/mapfiles/kml/pushpin/ylw-pushpin.png</href>
                </Icon>
            </IconStyle>
        </Style>
        <Style id="1859">
            <IconStyle id="1860">
                <color>ff0000ff</color>
                <colorMode>normal</colorMode>
                <scale>1.2</scale>
                <heading>0</heading>
                <Icon id="1861">
                    <href>http://maps.google.com/mapfiles/kml/pushpin/ylw-pushpin.png</href>
                </Icon>
            </IconStyle>
        </Style>
        <Style id="1864">
            <IconStyle id="1865">
                <color>ff0000ff</color>
                <colorMode>normal</colorMode>
                <scale>1.2</scale>
                <heading>0</heading>
                <Icon id="1866">
                    <href>http://maps.google.com/mapfiles/kml/pushpin/ylw-pushpin.png</href>
                </Icon>
            </IconStyle>
        </Style>
        <Style id="1869">
            <IconStyle id="1870">
                <color>ff0000ff</color>
                <colorMode>normal</colorMode>
                <scale>1.2</scale>
                <heading>0</heading>
                <Icon id="1871">
                    <href>http://maps.google.com/mapfiles/kml/pushpin/ylw-pushpin.png</href>
                </Icon>
            </IconStyle>
        </Style>
        <Style id="1874">
            <IconStyle id="1875">
                <color>ff0000ff</color>
                <colorMode>normal</colorMode>
                <scale>1.2</scale>
                <heading>0</heading>
                <Icon id="1876">
                    <href>http://maps.google.com/mapfiles/kml/pushpin/ylw-pushpin.png</href>
                </Icon>
            </IconStyle>
        </Style>
        <Style id="1879">
            <IconStyle id="1880">
                <color>ff0000ff</color>
                <colorMode>normal</colorMode>
                <scale>1.2</scale>
                <heading>0</heading>
                <Icon id="1881">
                    <href>http://maps.google.com/mapfiles/kml/pushpin/ylw-pushpin.png</href>
                </Icon>
            </IconStyle>
        </Style>
        <Style id="1884">
            <IconStyle id="1885">
                <color>ff0000ff</color>
                <colorMode>normal</colorMode>
                <scale>1.2</scale>
                <heading>0</heading>
                <Icon id="1886">
                    <href>http://maps.google.com/mapfiles/kml/pushpin/ylw-pushpin.png</href>
                </Icon>
            </IconStyle>
        </Style>
        <Style id="1889">
            <IconStyle id="1890">
                <color>ff0000ff</color>
                <colorMode>normal</colorMode>
                <scale>1.2</scale>
                <heading>0</heading>
                <Icon id="1891">
                    <href>http://maps.google.com/mapfiles/kml/pushpin/ylw-pushpin.png</href>
                </Icon>
            </IconStyle>
        </Style>
        <Style id="1894">
            <IconStyle id="1895">
                <color>ff0000ff</color>
                <colorMode>normal</colorMode>
                <scale>1.2</scale>
                <heading>0</heading>
                <Icon id="1896">
                    <href>http://maps.google.com/mapfiles/kml/pushpin/ylw-pushpin.png</href>
                </Icon>
            </IconStyle>
        </Style>
        <Style id="1899">
            <IconStyle id="1900">
                <color>ff0000ff</color>
                <colorMode>normal</colorMode>
                <scale>1.2</scale>
                <heading>0</heading>
                <Icon id="1901">
                    <href>http://maps.google.com/mapfiles/kml/pushpin/ylw-pushpin.png</href>
                </Icon>
            </IconStyle>
        </Style>
        <Style id="1904">
            <IconStyle id="1905">
                <color>ff0000ff</color>
                <colorMode>normal</colorMode>
                <scale>1.2</scale>
                <heading>0</heading>
                <Icon id="1906">
                    <href>http://maps.google.com/mapfiles/kml/pushpin/ylw-pushpin.png</href>
                </Icon>
            </IconStyle>
        </Style>
        <Style id="1909">
            <IconStyle id="1910">
                <color>ff0000ff</color>
                <colorMode>normal</colorMode>
                <scale>1.2</scale>
                <heading>0</heading>
                <Icon id="1911">
                    <href>http://maps.google.com/mapfiles/kml/pushpin/ylw-pushpin.png</href>
                </Icon>
            </IconStyle>
        </Style>
        <Style id="1914">
            <IconStyle id="1915">
                <color>ff0000ff</color>
                <colorMode>normal</colorMode>
                <scale>1.2</scale>
                <heading>0</heading>
                <Icon id="1916">
                    <href>http://maps.google.com/mapfiles/kml/pushpin/ylw-pushpin.png</href>
                </Icon>
            </IconStyle>
        </Style>
        <Style id="1919">
            <IconStyle id="1920">
                <color>ff0000ff</color>
                <colorMode>normal</colorMode>
                <scale>1.2</scale>
                <heading>0</heading>
                <Icon id="1921">
                    <href>http://maps.google.com/mapfiles/kml/pushpin/ylw-pushpin.png</href>
                </Icon>
            </IconStyle>
        </Style>
        <Style id="1924">
            <IconStyle id="1925">
                <color>ff0000ff</color>
                <colorMode>normal</colorMode>
                <scale>1.2</scale>
                <heading>0</heading>
                <Icon id="1926">
                    <href>http://maps.google.com/mapfiles/kml/pushpin/ylw-pushpin.png</href>
                </Icon>
            </IconStyle>
        </Style>
        <Style id="1929">
            <IconStyle id="1930">
                <color>ff0000ff</color>
                <colorMode>normal</colorMode>
                <scale>1.2</scale>
                <heading>0</heading>
                <Icon id="1931">
                    <href>http://maps.google.com/mapfiles/kml/pushpin/ylw-pushpin.png</href>
                </Icon>
            </IconStyle>
        </Style>
        <Style id="1934">
            <IconStyle id="1935">
                <color>ff0000ff</color>
                <colorMode>normal</colorMode>
                <scale>1.2</scale>
                <heading>0</heading>
                <Icon id="1936">
                    <href>http://maps.google.com/mapfiles/kml/pushpin/ylw-pushpin.png</href>
                </Icon>
            </IconStyle>
        </Style>
        <Style id="1939">
            <IconStyle id="1940">
                <color>ff0000ff</color>
                <colorMode>normal</colorMode>
                <scale>1.2</scale>
                <heading>0</heading>
                <Icon id="1941">
                    <href>http://maps.google.com/mapfiles/kml/pushpin/ylw-pushpin.png</href>
                </Icon>
            </IconStyle>
        </Style>
        <Style id="1944">
            <IconStyle id="1945">
                <color>ff0000ff</color>
                <colorMode>normal</colorMode>
                <scale>1.2</scale>
                <heading>0</heading>
                <Icon id="1946">
                    <href>http://maps.google.com/mapfiles/kml/pushpin/ylw-pushpin.png</href>
                </Icon>
            </IconStyle>
        </Style>
        <Style id="1949">
            <IconStyle id="1950">
                <color>ff0000ff</color>
                <colorMode>normal</colorMode>
                <scale>1.2</scale>
                <heading>0</heading>
                <Icon id="1951">
                    <href>http://maps.google.com/mapfiles/kml/pushpin/ylw-pushpin.png</href>
                </Icon>
            </IconStyle>
        </Style>
        <Style id="1954">
            <IconStyle id="1955">
                <color>ff0000ff</color>
                <colorMode>normal</colorMode>
                <scale>1.2</scale>
                <heading>0</heading>
                <Icon id="1956">
                    <href>http://maps.google.com/mapfiles/kml/pushpin/ylw-pushpin.png</href>
                </Icon>
            </IconStyle>
        </Style>
        <Style id="1959">
            <IconStyle id="1960">
                <color>ff0000ff</color>
                <colorMode>normal</colorMode>
                <scale>1.2</scale>
                <heading>0</heading>
                <Icon id="1961">
                    <href>http://maps.google.com/mapfiles/kml/pushpin/ylw-pushpin.png</href>
                </Icon>
            </IconStyle>
        </Style>
        <Style id="1964">
            <IconStyle id="1965">
                <color>ff0000ff</color>
                <colorMode>normal</colorMode>
                <scale>1.2</scale>
                <heading>0</heading>
                <Icon id="1966">
                    <href>http://maps.google.com/mapfiles/kml/pushpin/ylw-pushpin.png</href>
                </Icon>
            </IconStyle>
        </Style>
        <Style id="1969">
            <IconStyle id="1970">
                <color>ff0000ff</color>
                <colorMode>normal</colorMode>
                <scale>1.2</scale>
                <heading>0</heading>
                <Icon id="1971">
                    <href>http://maps.google.com/mapfiles/kml/pushpin/ylw-pushpin.png</href>
                </Icon>
            </IconStyle>
        </Style>
        <Style id="1974">
            <IconStyle id="1975">
                <color>ff0000ff</color>
                <colorMode>normal</colorMode>
                <scale>1.2</scale>
                <heading>0</heading>
                <Icon id="1976">
                    <href>http://maps.google.com/mapfiles/kml/pushpin/ylw-pushpin.png</href>
                </Icon>
            </IconStyle>
        </Style>
        <Style id="1979">
            <IconStyle id="1980">
                <color>ff0000ff</color>
                <colorMode>normal</colorMode>
                <scale>1.2</scale>
                <heading>0</heading>
                <Icon id="1981">
                    <href>http://maps.google.com/mapfiles/kml/pushpin/ylw-pushpin.png</href>
                </Icon>
            </IconStyle>
        </Style>
        <Style id="1984">
            <IconStyle id="1985">
                <color>ff0000ff</color>
                <colorMode>normal</colorMode>
                <scale>1.2</scale>
                <heading>0</heading>
                <Icon id="1986">
                    <href>http://maps.google.com/mapfiles/kml/pushpin/ylw-pushpin.png</href>
                </Icon>
            </IconStyle>
        </Style>
        <Style id="1989">
            <IconStyle id="1990">
                <color>ff0000ff</color>
                <colorMode>normal</colorMode>
                <scale>1.2</scale>
                <heading>0</heading>
                <Icon id="1991">
                    <href>http://maps.google.com/mapfiles/kml/pushpin/ylw-pushpin.png</href>
                </Icon>
            </IconStyle>
        </Style>
        <Style id="1994">
            <IconStyle id="1995">
                <color>ff0000ff</color>
                <colorMode>normal</colorMode>
                <scale>1.2</scale>
                <heading>0</heading>
                <Icon id="1996">
                    <href>http://maps.google.com/mapfiles/kml/pushpin/ylw-pushpin.png</href>
                </Icon>
            </IconStyle>
        </Style>
        <Style id="1999">
            <IconStyle id="2000">
                <color>ff0000ff</color>
                <colorMode>normal</colorMode>
                <scale>1.2</scale>
                <heading>0</heading>
                <Icon id="2001">
                    <href>http://maps.google.com/mapfiles/kml/pushpin/ylw-pushpin.png</href>
                </Icon>
            </IconStyle>
        </Style>
        <Style id="2004">
            <IconStyle id="2005">
                <color>ff0000ff</color>
                <colorMode>normal</colorMode>
                <scale>1.2</scale>
                <heading>0</heading>
                <Icon id="2006">
                    <href>http://maps.google.com/mapfiles/kml/pushpin/ylw-pushpin.png</href>
                </Icon>
            </IconStyle>
        </Style>
        <Style id="2009">
            <IconStyle id="2010">
                <color>ff0000ff</color>
                <colorMode>normal</colorMode>
                <scale>1.2</scale>
                <heading>0</heading>
                <Icon id="2011">
                    <href>http://maps.google.com/mapfiles/kml/pushpin/ylw-pushpin.png</href>
                </Icon>
            </IconStyle>
        </Style>
        <Style id="2014">
            <IconStyle id="2015">
                <color>ff0000ff</color>
                <colorMode>normal</colorMode>
                <scale>1.2</scale>
                <heading>0</heading>
                <Icon id="2016">
                    <href>http://maps.google.com/mapfiles/kml/pushpin/ylw-pushpin.png</href>
                </Icon>
            </IconStyle>
        </Style>
        <Style id="2019">
            <IconStyle id="2020">
                <color>ff0000ff</color>
                <colorMode>normal</colorMode>
                <scale>1.2</scale>
                <heading>0</heading>
                <Icon id="2021">
                    <href>http://maps.google.com/mapfiles/kml/pushpin/ylw-pushpin.png</href>
                </Icon>
            </IconStyle>
        </Style>
        <Style id="2024">
            <IconStyle id="2025">
                <color>ff0000ff</color>
                <colorMode>normal</colorMode>
                <scale>1.2</scale>
                <heading>0</heading>
                <Icon id="2026">
                    <href>http://maps.google.com/mapfiles/kml/pushpin/ylw-pushpin.png</href>
                </Icon>
            </IconStyle>
        </Style>
        <Style id="2029">
            <IconStyle id="2030">
                <color>ff0000ff</color>
                <colorMode>normal</colorMode>
                <scale>1.2</scale>
                <heading>0</heading>
                <Icon id="2031">
                    <href>http://maps.google.com/mapfiles/kml/pushpin/ylw-pushpin.png</href>
                </Icon>
            </IconStyle>
        </Style>
        <Style id="2034">
            <IconStyle id="2035">
                <color>ff0000ff</color>
                <colorMode>normal</colorMode>
                <scale>1.2</scale>
                <heading>0</heading>
                <Icon id="2036">
                    <href>http://maps.google.com/mapfiles/kml/pushpin/ylw-pushpin.png</href>
                </Icon>
            </IconStyle>
        </Style>
        <Style id="2039">
            <IconStyle id="2040">
                <color>ff0000ff</color>
                <colorMode>normal</colorMode>
                <scale>1.2</scale>
                <heading>0</heading>
                <Icon id="2041">
                    <href>http://maps.google.com/mapfiles/kml/pushpin/ylw-pushpin.png</href>
                </Icon>
            </IconStyle>
        </Style>
        <Style id="2044">
            <IconStyle id="2045">
                <color>ff0000ff</color>
                <colorMode>normal</colorMode>
                <scale>1.2</scale>
                <heading>0</heading>
                <Icon id="2046">
                    <href>http://maps.google.com/mapfiles/kml/pushpin/ylw-pushpin.png</href>
                </Icon>
            </IconStyle>
        </Style>
        <Style id="2049">
            <IconStyle id="2050">
                <color>ff0000ff</color>
                <colorMode>normal</colorMode>
                <scale>1.2</scale>
                <heading>0</heading>
                <Icon id="2051">
                    <href>http://maps.google.com/mapfiles/kml/pushpin/ylw-pushpin.png</href>
                </Icon>
            </IconStyle>
        </Style>
        <Style id="2054">
            <IconStyle id="2055">
                <color>ff0000ff</color>
                <colorMode>normal</colorMode>
                <scale>1.2</scale>
                <heading>0</heading>
                <Icon id="2056">
                    <href>http://maps.google.com/mapfiles/kml/pushpin/ylw-pushpin.png</href>
                </Icon>
            </IconStyle>
        </Style>
        <Style id="2059">
            <IconStyle id="2060">
                <color>ff0000ff</color>
                <colorMode>normal</colorMode>
                <scale>1.2</scale>
                <heading>0</heading>
                <Icon id="2061">
                    <href>http://maps.google.com/mapfiles/kml/pushpin/ylw-pushpin.png</href>
                </Icon>
            </IconStyle>
        </Style>
        <Style id="2064">
            <IconStyle id="2065">
                <color>ff0000ff</color>
                <colorMode>normal</colorMode>
                <scale>1.2</scale>
                <heading>0</heading>
                <Icon id="2066">
                    <href>http://maps.google.com/mapfiles/kml/pushpin/ylw-pushpin.png</href>
                </Icon>
            </IconStyle>
        </Style>
        <Style id="2069">
            <IconStyle id="2070">
                <color>ff0000ff</color>
                <colorMode>normal</colorMode>
                <scale>1.2</scale>
                <heading>0</heading>
                <Icon id="2071">
                    <href>http://maps.google.com/mapfiles/kml/pushpin/ylw-pushpin.png</href>
                </Icon>
            </IconStyle>
        </Style>
        <Style id="2074">
            <IconStyle id="2075">
                <color>ff0000ff</color>
                <colorMode>normal</colorMode>
                <scale>1.2</scale>
                <heading>0</heading>
                <Icon id="2076">
                    <href>http://maps.google.com/mapfiles/kml/pushpin/ylw-pushpin.png</href>
                </Icon>
            </IconStyle>
        </Style>
        <Style id="2079">
            <IconStyle id="2080">
                <color>ff0000ff</color>
                <colorMode>normal</colorMode>
                <scale>1.2</scale>
                <heading>0</heading>
                <Icon id="2081">
                    <href>http://maps.google.com/mapfiles/kml/pushpin/ylw-pushpin.png</href>
                </Icon>
            </IconStyle>
        </Style>
        <Style id="2084">
            <IconStyle id="2085">
                <color>ff0000ff</color>
                <colorMode>normal</colorMode>
                <scale>1.2</scale>
                <heading>0</heading>
                <Icon id="2086">
                    <href>http://maps.google.com/mapfiles/kml/pushpin/ylw-pushpin.png</href>
                </Icon>
            </IconStyle>
        </Style>
        <Style id="2089">
            <IconStyle id="2090">
                <color>ff0000ff</color>
                <colorMode>normal</colorMode>
                <scale>1.2</scale>
                <heading>0</heading>
                <Icon id="2091">
                    <href>http://maps.google.com/mapfiles/kml/pushpin/ylw-pushpin.png</href>
                </Icon>
            </IconStyle>
        </Style>
        <Style id="2094">
            <IconStyle id="2095">
                <color>ff0000ff</color>
                <colorMode>normal</colorMode>
                <scale>1.2</scale>
                <heading>0</heading>
                <Icon id="2096">
                    <href>http://maps.google.com/mapfiles/kml/pushpin/ylw-pushpin.png</href>
                </Icon>
            </IconStyle>
        </Style>
        <Style id="2099">
            <IconStyle id="2100">
                <color>ff0000ff</color>
                <colorMode>normal</colorMode>
                <scale>1.2</scale>
                <heading>0</heading>
                <Icon id="2101">
                    <href>http://maps.google.com/mapfiles/kml/pushpin/ylw-pushpin.png</href>
                </Icon>
            </IconStyle>
        </Style>
        <Style id="2104">
            <IconStyle id="2105">
                <color>ff0000ff</color>
                <colorMode>normal</colorMode>
                <scale>1.2</scale>
                <heading>0</heading>
                <Icon id="2106">
                    <href>http://maps.google.com/mapfiles/kml/pushpin/ylw-pushpin.png</href>
                </Icon>
            </IconStyle>
        </Style>
        <Style id="2109">
            <IconStyle id="2110">
                <color>ff0000ff</color>
                <colorMode>normal</colorMode>
                <scale>1.2</scale>
                <heading>0</heading>
                <Icon id="2111">
                    <href>http://maps.google.com/mapfiles/kml/pushpin/ylw-pushpin.png</href>
                </Icon>
            </IconStyle>
        </Style>
        <Style id="2114">
            <IconStyle id="2115">
                <color>ff0000ff</color>
                <colorMode>normal</colorMode>
                <scale>1.2</scale>
                <heading>0</heading>
                <Icon id="2116">
                    <href>http://maps.google.com/mapfiles/kml/pushpin/ylw-pushpin.png</href>
                </Icon>
            </IconStyle>
        </Style>
        <Style id="2119">
            <IconStyle id="2120">
                <color>ff0000ff</color>
                <colorMode>normal</colorMode>
                <scale>1.2</scale>
                <heading>0</heading>
                <Icon id="2121">
                    <href>http://maps.google.com/mapfiles/kml/pushpin/ylw-pushpin.png</href>
                </Icon>
            </IconStyle>
        </Style>
        <Style id="2124">
            <IconStyle id="2125">
                <color>ff0000ff</color>
                <colorMode>normal</colorMode>
                <scale>1.2</scale>
                <heading>0</heading>
                <Icon id="2126">
                    <href>http://maps.google.com/mapfiles/kml/pushpin/ylw-pushpin.png</href>
                </Icon>
            </IconStyle>
        </Style>
        <Style id="2129">
            <IconStyle id="2130">
                <color>ff0000ff</color>
                <colorMode>normal</colorMode>
                <scale>1.2</scale>
                <heading>0</heading>
                <Icon id="2131">
                    <href>http://maps.google.com/mapfiles/kml/pushpin/ylw-pushpin.png</href>
                </Icon>
            </IconStyle>
        </Style>
        <Style id="2134">
            <IconStyle id="2135">
                <color>ff0000ff</color>
                <colorMode>normal</colorMode>
                <scale>1.2</scale>
                <heading>0</heading>
                <Icon id="2136">
                    <href>http://maps.google.com/mapfiles/kml/pushpin/ylw-pushpin.png</href>
                </Icon>
            </IconStyle>
        </Style>
        <Style id="2139">
            <IconStyle id="2140">
                <color>ff0000ff</color>
                <colorMode>normal</colorMode>
                <scale>1.2</scale>
                <heading>0</heading>
                <Icon id="2141">
                    <href>http://maps.google.com/mapfiles/kml/pushpin/ylw-pushpin.png</href>
                </Icon>
            </IconStyle>
        </Style>
        <Style id="2144">
            <IconStyle id="2145">
                <color>ff0000ff</color>
                <colorMode>normal</colorMode>
                <scale>1.2</scale>
                <heading>0</heading>
                <Icon id="2146">
                    <href>http://maps.google.com/mapfiles/kml/pushpin/ylw-pushpin.png</href>
                </Icon>
            </IconStyle>
        </Style>
        <Style id="2149">
            <IconStyle id="2150">
                <color>ff0000ff</color>
                <colorMode>normal</colorMode>
                <scale>1.2</scale>
                <heading>0</heading>
                <Icon id="2151">
                    <href>http://maps.google.com/mapfiles/kml/pushpin/ylw-pushpin.png</href>
                </Icon>
            </IconStyle>
        </Style>
        <Style id="2154">
            <IconStyle id="2155">
                <color>ff0000ff</color>
                <colorMode>normal</colorMode>
                <scale>1.2</scale>
                <heading>0</heading>
                <Icon id="2156">
                    <href>http://maps.google.com/mapfiles/kml/pushpin/ylw-pushpin.png</href>
                </Icon>
            </IconStyle>
        </Style>
        <Style id="2159">
            <IconStyle id="2160">
                <color>ff0000ff</color>
                <colorMode>normal</colorMode>
                <scale>1.2</scale>
                <heading>0</heading>
                <Icon id="2161">
                    <href>http://maps.google.com/mapfiles/kml/pushpin/ylw-pushpin.png</href>
                </Icon>
            </IconStyle>
        </Style>
        <Style id="2164">
            <IconStyle id="2165">
                <color>ff0000ff</color>
                <colorMode>normal</colorMode>
                <scale>1.2</scale>
                <heading>0</heading>
                <Icon id="2166">
                    <href>http://maps.google.com/mapfiles/kml/pushpin/ylw-pushpin.png</href>
                </Icon>
            </IconStyle>
        </Style>
        <Style id="2169">
            <IconStyle id="2170">
                <color>ff0000ff</color>
                <colorMode>normal</colorMode>
                <scale>1.2</scale>
                <heading>0</heading>
                <Icon id="2171">
                    <href>http://maps.google.com/mapfiles/kml/pushpin/ylw-pushpin.png</href>
                </Icon>
            </IconStyle>
        </Style>
        <Style id="2174">
            <IconStyle id="2175">
                <color>ff0000ff</color>
                <colorMode>normal</colorMode>
                <scale>1.2</scale>
                <heading>0</heading>
                <Icon id="2176">
                    <href>http://maps.google.com/mapfiles/kml/pushpin/ylw-pushpin.png</href>
                </Icon>
            </IconStyle>
        </Style>
        <Style id="2179">
            <IconStyle id="2180">
                <color>ff0000ff</color>
                <colorMode>normal</colorMode>
                <scale>1.2</scale>
                <heading>0</heading>
                <Icon id="2181">
                    <href>http://maps.google.com/mapfiles/kml/pushpin/ylw-pushpin.png</href>
                </Icon>
            </IconStyle>
        </Style>
        <Style id="2184">
            <IconStyle id="2185">
                <color>ff0000ff</color>
                <colorMode>normal</colorMode>
                <scale>1.2</scale>
                <heading>0</heading>
                <Icon id="2186">
                    <href>http://maps.google.com/mapfiles/kml/pushpin/ylw-pushpin.png</href>
                </Icon>
            </IconStyle>
        </Style>
        <Style id="2189">
            <IconStyle id="2190">
                <color>ff0000ff</color>
                <colorMode>normal</colorMode>
                <scale>1.2</scale>
                <heading>0</heading>
                <Icon id="2191">
                    <href>http://maps.google.com/mapfiles/kml/pushpin/ylw-pushpin.png</href>
                </Icon>
            </IconStyle>
        </Style>
        <Style id="2194">
            <IconStyle id="2195">
                <color>ff0000ff</color>
                <colorMode>normal</colorMode>
                <scale>1.2</scale>
                <heading>0</heading>
                <Icon id="2196">
                    <href>http://maps.google.com/mapfiles/kml/pushpin/ylw-pushpin.png</href>
                </Icon>
            </IconStyle>
        </Style>
        <Style id="2199">
            <IconStyle id="2200">
                <color>ff0000ff</color>
                <colorMode>normal</colorMode>
                <scale>1.2</scale>
                <heading>0</heading>
                <Icon id="2201">
                    <href>http://maps.google.com/mapfiles/kml/pushpin/ylw-pushpin.png</href>
                </Icon>
            </IconStyle>
        </Style>
        <Style id="2204">
            <IconStyle id="2205">
                <color>ff0000ff</color>
                <colorMode>normal</colorMode>
                <scale>1.2</scale>
                <heading>0</heading>
                <Icon id="2206">
                    <href>http://maps.google.com/mapfiles/kml/pushpin/ylw-pushpin.png</href>
                </Icon>
            </IconStyle>
        </Style>
        <Style id="2209">
            <IconStyle id="2210">
                <color>ff0000ff</color>
                <colorMode>normal</colorMode>
                <scale>1.2</scale>
                <heading>0</heading>
                <Icon id="2211">
                    <href>http://maps.google.com/mapfiles/kml/pushpin/ylw-pushpin.png</href>
                </Icon>
            </IconStyle>
        </Style>
        <Style id="2214">
            <IconStyle id="2215">
                <color>ff0000ff</color>
                <colorMode>normal</colorMode>
                <scale>1.2</scale>
                <heading>0</heading>
                <Icon id="2216">
                    <href>http://maps.google.com/mapfiles/kml/pushpin/ylw-pushpin.png</href>
                </Icon>
            </IconStyle>
        </Style>
        <Style id="2219">
            <IconStyle id="2220">
                <color>ff0000ff</color>
                <colorMode>normal</colorMode>
                <scale>1.2</scale>
                <heading>0</heading>
                <Icon id="2221">
                    <href>http://maps.google.com/mapfiles/kml/pushpin/ylw-pushpin.png</href>
                </Icon>
            </IconStyle>
        </Style>
        <Style id="2224">
            <IconStyle id="2225">
                <color>ff0000ff</color>
                <colorMode>normal</colorMode>
                <scale>1.2</scale>
                <heading>0</heading>
                <Icon id="2226">
                    <href>http://maps.google.com/mapfiles/kml/pushpin/ylw-pushpin.png</href>
                </Icon>
            </IconStyle>
        </Style>
        <Style id="2229">
            <IconStyle id="2230">
                <color>ff0000ff</color>
                <colorMode>normal</colorMode>
                <scale>1.2</scale>
                <heading>0</heading>
                <Icon id="2231">
                    <href>http://maps.google.com/mapfiles/kml/pushpin/ylw-pushpin.png</href>
                </Icon>
            </IconStyle>
        </Style>
        <Style id="2234">
            <IconStyle id="2235">
                <color>ff0000ff</color>
                <colorMode>normal</colorMode>
                <scale>1.2</scale>
                <heading>0</heading>
                <Icon id="2236">
                    <href>http://maps.google.com/mapfiles/kml/pushpin/ylw-pushpin.png</href>
                </Icon>
            </IconStyle>
        </Style>
        <Style id="2239">
            <IconStyle id="2240">
                <color>ff0000ff</color>
                <colorMode>normal</colorMode>
                <scale>1.2</scale>
                <heading>0</heading>
                <Icon id="2241">
                    <href>http://maps.google.com/mapfiles/kml/pushpin/ylw-pushpin.png</href>
                </Icon>
            </IconStyle>
        </Style>
        <Style id="2244">
            <IconStyle id="2245">
                <color>ff0000ff</color>
                <colorMode>normal</colorMode>
                <scale>1.2</scale>
                <heading>0</heading>
                <Icon id="2246">
                    <href>http://maps.google.com/mapfiles/kml/pushpin/ylw-pushpin.png</href>
                </Icon>
            </IconStyle>
        </Style>
        <Style id="2249">
            <IconStyle id="2250">
                <color>ff0000ff</color>
                <colorMode>normal</colorMode>
                <scale>1.2</scale>
                <heading>0</heading>
                <Icon id="2251">
                    <href>http://maps.google.com/mapfiles/kml/pushpin/ylw-pushpin.png</href>
                </Icon>
            </IconStyle>
        </Style>
        <Style id="2254">
            <IconStyle id="2255">
                <color>ff0000ff</color>
                <colorMode>normal</colorMode>
                <scale>1.2</scale>
                <heading>0</heading>
                <Icon id="2256">
                    <href>http://maps.google.com/mapfiles/kml/pushpin/ylw-pushpin.png</href>
                </Icon>
            </IconStyle>
        </Style>
        <Style id="2259">
            <IconStyle id="2260">
                <color>ff0000ff</color>
                <colorMode>normal</colorMode>
                <scale>1.2</scale>
                <heading>0</heading>
                <Icon id="2261">
                    <href>http://maps.google.com/mapfiles/kml/pushpin/ylw-pushpin.png</href>
                </Icon>
            </IconStyle>
        </Style>
        <Style id="2264">
            <IconStyle id="2265">
                <color>ff0000ff</color>
                <colorMode>normal</colorMode>
                <scale>1.2</scale>
                <heading>0</heading>
                <Icon id="2266">
                    <href>http://maps.google.com/mapfiles/kml/pushpin/ylw-pushpin.png</href>
                </Icon>
            </IconStyle>
        </Style>
        <Style id="2269">
            <IconStyle id="2270">
                <color>ff0000ff</color>
                <colorMode>normal</colorMode>
                <scale>1.2</scale>
                <heading>0</heading>
                <Icon id="2271">
                    <href>http://maps.google.com/mapfiles/kml/pushpin/ylw-pushpin.png</href>
                </Icon>
            </IconStyle>
        </Style>
        <Style id="2274">
            <IconStyle id="2275">
                <color>ff0000ff</color>
                <colorMode>normal</colorMode>
                <scale>1.2</scale>
                <heading>0</heading>
                <Icon id="2276">
                    <href>http://maps.google.com/mapfiles/kml/pushpin/ylw-pushpin.png</href>
                </Icon>
            </IconStyle>
        </Style>
        <Style id="2279">
            <IconStyle id="2280">
                <color>ff0000ff</color>
                <colorMode>normal</colorMode>
                <scale>1.2</scale>
                <heading>0</heading>
                <Icon id="2281">
                    <href>http://maps.google.com/mapfiles/kml/pushpin/ylw-pushpin.png</href>
                </Icon>
            </IconStyle>
        </Style>
        <Style id="2284">
            <IconStyle id="2285">
                <color>ff0000ff</color>
                <colorMode>normal</colorMode>
                <scale>1.2</scale>
                <heading>0</heading>
                <Icon id="2286">
                    <href>http://maps.google.com/mapfiles/kml/pushpin/ylw-pushpin.png</href>
                </Icon>
            </IconStyle>
        </Style>
        <Style id="2289">
            <IconStyle id="2290">
                <color>ff0000ff</color>
                <colorMode>normal</colorMode>
                <scale>1.2</scale>
                <heading>0</heading>
                <Icon id="2291">
                    <href>http://maps.google.com/mapfiles/kml/pushpin/ylw-pushpin.png</href>
                </Icon>
            </IconStyle>
        </Style>
        <Style id="2294">
            <IconStyle id="2295">
                <color>ff0000ff</color>
                <colorMode>normal</colorMode>
                <scale>1.2</scale>
                <heading>0</heading>
                <Icon id="2296">
                    <href>http://maps.google.com/mapfiles/kml/pushpin/ylw-pushpin.png</href>
                </Icon>
            </IconStyle>
        </Style>
        <Style id="2299">
            <IconStyle id="2300">
                <color>ff0000ff</color>
                <colorMode>normal</colorMode>
                <scale>1.2</scale>
                <heading>0</heading>
                <Icon id="2301">
                    <href>http://maps.google.com/mapfiles/kml/pushpin/ylw-pushpin.png</href>
                </Icon>
            </IconStyle>
        </Style>
        <Style id="2304">
            <IconStyle id="2305">
                <color>ff0000ff</color>
                <colorMode>normal</colorMode>
                <scale>1.2</scale>
                <heading>0</heading>
                <Icon id="2306">
                    <href>http://maps.google.com/mapfiles/kml/pushpin/ylw-pushpin.png</href>
                </Icon>
            </IconStyle>
        </Style>
        <Style id="2309">
            <IconStyle id="2310">
                <color>ff0000ff</color>
                <colorMode>normal</colorMode>
                <scale>1.2</scale>
                <heading>0</heading>
                <Icon id="2311">
                    <href>http://maps.google.com/mapfiles/kml/pushpin/ylw-pushpin.png</href>
                </Icon>
            </IconStyle>
        </Style>
        <Style id="2314">
            <IconStyle id="2315">
                <color>ff0000ff</color>
                <colorMode>normal</colorMode>
                <scale>1.2</scale>
                <heading>0</heading>
                <Icon id="2316">
                    <href>http://maps.google.com/mapfiles/kml/pushpin/ylw-pushpin.png</href>
                </Icon>
            </IconStyle>
        </Style>
        <Style id="2319">
            <IconStyle id="2320">
                <color>ff0000ff</color>
                <colorMode>normal</colorMode>
                <scale>1.2</scale>
                <heading>0</heading>
                <Icon id="2321">
                    <href>http://maps.google.com/mapfiles/kml/pushpin/ylw-pushpin.png</href>
                </Icon>
            </IconStyle>
        </Style>
        <Style id="2324">
            <IconStyle id="2325">
                <color>ff0000ff</color>
                <colorMode>normal</colorMode>
                <scale>1.2</scale>
                <heading>0</heading>
                <Icon id="2326">
                    <href>http://maps.google.com/mapfiles/kml/pushpin/ylw-pushpin.png</href>
                </Icon>
            </IconStyle>
        </Style>
        <Style id="2329">
            <IconStyle id="2330">
                <color>ff0000ff</color>
                <colorMode>normal</colorMode>
                <scale>1.2</scale>
                <heading>0</heading>
                <Icon id="2331">
                    <href>http://maps.google.com/mapfiles/kml/pushpin/ylw-pushpin.png</href>
                </Icon>
            </IconStyle>
        </Style>
        <Style id="2334">
            <IconStyle id="2335">
                <color>ff0000ff</color>
                <colorMode>normal</colorMode>
                <scale>1.2</scale>
                <heading>0</heading>
                <Icon id="2336">
                    <href>http://maps.google.com/mapfiles/kml/pushpin/ylw-pushpin.png</href>
                </Icon>
            </IconStyle>
        </Style>
        <name>Infected Zones</name>
        <Placemark id="1568">
            <name>0.30</name>
            <styleUrl>#1569</styleUrl>
            <Point id="1567">
                <coordinates>80.89803434147882,16.326805747535087,0.0</coordinates>
            </Point>
        </Placemark>
        <Placemark id="1573">
            <name>0.43</name>
            <styleUrl>#1574</styleUrl>
            <Point id="1572">
                <coordinates>80.89812450346093,16.32676065542014,0.0</coordinates>
            </Point>
        </Placemark>
        <Placemark id="1578">
            <name>0.22</name>
            <styleUrl>#1579</styleUrl>
            <Point id="1577">
                <coordinates>80.89816958445199,16.32676065542014,0.0</coordinates>
            </Point>
        </Placemark>
        <Placemark id="1583">
            <name>0.45</name>
            <styleUrl>#1584</styleUrl>
            <Point id="1582">
                <coordinates>80.89789909850565,16.326715563305196,0.0</coordinates>
            </Point>
        </Placemark>
        <Placemark id="1588">
            <name>0.44</name>
            <styleUrl>#1589</styleUrl>
            <Point id="1587">
                <coordinates>80.8979441794967,16.326715563305196,0.0</coordinates>
            </Point>
        </Placemark>
        <Placemark id="1593">
            <name>0.45</name>
            <styleUrl>#1594</styleUrl>
            <Point id="1592">
                <coordinates>80.89798926048776,16.326715563305196,0.0</coordinates>
            </Point>
        </Placemark>
        <Placemark id="1598">
            <name>0.38</name>
            <styleUrl>#1599</styleUrl>
            <Point id="1597">
                <coordinates>80.89803434147882,16.326715563305196,0.0</coordinates>
            </Point>
        </Placemark>
        <Placemark id="1603">
            <name>0.41</name>
            <styleUrl>#1604</styleUrl>
            <Point id="1602">
                <coordinates>80.89830482742515,16.326715563305196,0.0</coordinates>
            </Point>
        </Placemark>
        <Placemark id="1608">
            <name>0.44</name>
            <styleUrl>#1609</styleUrl>
            <Point id="1607">
                <coordinates>80.8979441794967,16.326670471190255,0.0</coordinates>
            </Point>
        </Placemark>
        <Placemark id="1613">
            <name>0.47</name>
            <styleUrl>#1614</styleUrl>
            <Point id="1612">
                <coordinates>80.89798926048776,16.326670471190255,0.0</coordinates>
            </Point>
        </Placemark>
        <Placemark id="1618">
            <name>0.44</name>
            <styleUrl>#1619</styleUrl>
            <Point id="1617">
                <coordinates>80.89803434147882,16.326670471190255,0.0</coordinates>
            </Point>
        </Placemark>
        <Placemark id="1623">
            <name>0.50</name>
            <styleUrl>#1624</styleUrl>
            <Point id="1622">
                <coordinates>80.89807942246988,16.326670471190255,0.0</coordinates>
            </Point>
        </Placemark>
        <Placemark id="1628">
            <name>0.32</name>
            <styleUrl>#1629</styleUrl>
            <Point id="1627">
                <coordinates>80.89839498940727,16.326670471190255,0.0</coordinates>
            </Point>
        </Placemark>
        <Placemark id="1633">
            <name>0.35</name>
            <styleUrl>#1634</styleUrl>
            <Point id="1632">
                <coordinates>80.8979441794967,16.32662537907531,0.0</coordinates>
            </Point>
        </Placemark>
        <Placemark id="1638">
            <name>0.35</name>
            <styleUrl>#1639</styleUrl>
            <Point id="1637">
                <coordinates>80.89798926048776,16.32662537907531,0.0</coordinates>
            </Point>
        </Placemark>
        <Placemark id="1643">
            <name>0.40</name>
            <styleUrl>#1644</styleUrl>
            <Point id="1642">
                <coordinates>80.89803434147882,16.32662537907531,0.0</coordinates>
            </Point>
        </Placemark>
        <Placemark id="1648">
            <name>0.48</name>
            <styleUrl>#1649</styleUrl>
            <Point id="1647">
                <coordinates>80.89807942246988,16.32662537907531,0.0</coordinates>
            </Point>
        </Placemark>
        <Placemark id="1653">
            <name>0.45</name>
            <styleUrl>#1654</styleUrl>
            <Point id="1652">
                <coordinates>80.8979441794967,16.326580286960365,0.0</coordinates>
            </Point>
        </Placemark>
        <Placemark id="1658">
            <name>0.50</name>
            <styleUrl>#1659</styleUrl>
            <Point id="1657">
                <coordinates>80.89834990841621,16.326580286960365,0.0</coordinates>
            </Point>
        </Placemark>
        <Placemark id="1663">
            <name>0.45</name>
            <styleUrl>#1664</styleUrl>
            <Point id="1662">
                <coordinates>80.89789909850565,16.32653519484542,0.0</coordinates>
            </Point>
        </Placemark>
        <Placemark id="1668">
            <name>0.44</name>
            <styleUrl>#1669</styleUrl>
            <Point id="1667">
                <coordinates>80.8979441794967,16.32653519484542,0.0</coordinates>
            </Point>
        </Placemark>
        <Placemark id="1673">
            <name>0.40</name>
            <styleUrl>#1674</styleUrl>
            <Point id="1672">
                <coordinates>80.89834990841621,16.32653519484542,0.0</coordinates>
            </Point>
        </Placemark>
        <Placemark id="1678">
            <name>0.40</name>
            <styleUrl>#1679</styleUrl>
            <Point id="1677">
                <coordinates>80.89789909850565,16.326490102730475,0.0</coordinates>
            </Point>
        </Placemark>
        <Placemark id="1683">
            <name>0.43</name>
            <styleUrl>#1684</styleUrl>
            <Point id="1682">
                <coordinates>80.8979441794967,16.326490102730475,0.0</coordinates>
            </Point>
        </Placemark>
        <Placemark id="1688">
            <name>0.45</name>
            <styleUrl>#1689</styleUrl>
            <Point id="1687">
                <coordinates>80.89798926048776,16.326490102730475,0.0</coordinates>
            </Point>
        </Placemark>
        <Placemark id="1693">
            <name>0.36</name>
            <styleUrl>#1694</styleUrl>
            <Point id="1692">
                <coordinates>80.89834990841621,16.326490102730475,0.0</coordinates>
            </Point>
        </Placemark>
        <Placemark id="1698">
            <name>0.45</name>
            <styleUrl>#1699</styleUrl>
            <Point id="1697">
                <coordinates>80.89785401751459,16.326445010615533,0.0</coordinates>
            </Point>
        </Placemark>
        <Placemark id="1703">
            <name>0.31</name>
            <styleUrl>#1704</styleUrl>
            <Point id="1702">
                <coordinates>80.89789909850565,16.326445010615533,0.0</coordinates>
            </Point>
        </Placemark>
        <Placemark id="1708">
            <name>0.31</name>
            <styleUrl>#1709</styleUrl>
            <Point id="1707">
                <coordinates>80.8979441794967,16.326445010615533,0.0</coordinates>
            </Point>
        </Placemark>
        <Placemark id="1713">
            <name>0.31</name>
            <styleUrl>#1714</styleUrl>
            <Point id="1712">
                <coordinates>80.89798926048776,16.326445010615533,0.0</coordinates>
            </Point>
        </Placemark>
        <Placemark id="1718">
            <name>0.42</name>
            <styleUrl>#1719</styleUrl>
            <Point id="1717">
                <coordinates>80.89803434147882,16.326445010615533,0.0</coordinates>
            </Point>
        </Placemark>
        <Placemark id="1723">
            <name>0.45</name>
            <styleUrl>#1724</styleUrl>
            <Point id="1722">
                <coordinates>80.89785401751459,16.326399918500588,0.0</coordinates>
            </Point>
        </Placemark>
        <Placemark id="1728">
            <name>0.28</name>
            <styleUrl>#1729</styleUrl>
            <Point id="1727">
                <coordinates>80.89789909850565,16.326399918500588,0.0</coordinates>
            </Point>
        </Placemark>
        <Placemark id="1733">
            <name>0.27</name>
            <styleUrl>#1734</styleUrl>
            <Point id="1732">
                <coordinates>80.8979441794967,16.326399918500588,0.0</coordinates>
            </Point>
        </Placemark>
        <Placemark id="1738">
            <name>0.28</name>
            <styleUrl>#1739</styleUrl>
            <Point id="1737">
                <coordinates>80.89798926048776,16.326399918500588,0.0</coordinates>
            </Point>
        </Placemark>
        <Placemark id="1743">
            <name>0.31</name>
            <styleUrl>#1744</styleUrl>
            <Point id="1742">
                <coordinates>80.89803434147882,16.326399918500588,0.0</coordinates>
            </Point>
        </Placemark>
        <Placemark id="1748">
            <name>0.43</name>
            <styleUrl>#1749</styleUrl>
            <Point id="1747">
                <coordinates>80.89830482742515,16.326399918500588,0.0</coordinates>
            </Point>
        </Placemark>
        <Placemark id="1753">
            <name>0.39</name>
            <styleUrl>#1754</styleUrl>
            <Point id="1752">
                <coordinates>80.89780893652353,16.326354826385643,0.0</coordinates>
            </Point>
        </Placemark>
        <Placemark id="1758">
            <name>0.27</name>
            <styleUrl>#1759</styleUrl>
            <Point id="1757">
                <coordinates>80.89785401751459,16.326354826385643,0.0</coordinates>
            </Point>
        </Placemark>
        <Placemark id="1763">
            <name>0.32</name>
            <styleUrl>#1764</styleUrl>
            <Point id="1762">
                <coordinates>80.89789909850565,16.326354826385643,0.0</coordinates>
            </Point>
        </Placemark>
        <Placemark id="1768">
            <name>0.39</name>
            <styleUrl>#1769</styleUrl>
            <Point id="1767">
                <coordinates>80.8979441794967,16.326354826385643,0.0</coordinates>
            </Point>
        </Placemark>
        <Placemark id="1773">
            <name>0.41</name>
            <styleUrl>#1774</styleUrl>
            <Point id="1772">
                <coordinates>80.89798926048776,16.326354826385643,0.0</coordinates>
            </Point>
        </Placemark>
        <Placemark id="1778">
            <name>0.30</name>
            <styleUrl>#1779</styleUrl>
            <Point id="1777">
                <coordinates>80.89803434147882,16.326354826385643,0.0</coordinates>
            </Point>
        </Placemark>
        <Placemark id="1783">
            <name>0.48</name>
            <styleUrl>#1784</styleUrl>
            <Point id="1782">
                <coordinates>80.89807942246988,16.326354826385643,0.0</coordinates>
            </Point>
        </Placemark>
        <Placemark id="1788">
            <name>0.35</name>
            <styleUrl>#1789</styleUrl>
            <Point id="1787">
                <coordinates>80.89830482742515,16.326354826385643,0.0</coordinates>
            </Point>
        </Placemark>
        <Placemark id="1793">
            <name>0.42</name>
            <styleUrl>#1794</styleUrl>
            <Point id="1792">
                <coordinates>80.89771877454142,16.326309734270698,0.0</coordinates>
            </Point>
        </Placemark>
        <Placemark id="1798">
            <name>0.28</name>
            <styleUrl>#1799</styleUrl>
            <Point id="1797">
                <coordinates>80.89780893652353,16.326309734270698,0.0</coordinates>
            </Point>
        </Placemark>
        <Placemark id="1803">
            <name>0.30</name>
            <styleUrl>#1804</styleUrl>
            <Point id="1802">
                <coordinates>80.89785401751459,16.326309734270698,0.0</coordinates>
            </Point>
        </Placemark>
        <Placemark id="1808">
            <name>0.32</name>
            <styleUrl>#1809</styleUrl>
            <Point id="1807">
                <coordinates>80.89789909850565,16.326309734270698,0.0</coordinates>
            </Point>
        </Placemark>
        <Placemark id="1813">
            <name>0.41</name>
            <styleUrl>#1814</styleUrl>
            <Point id="1812">
                <coordinates>80.8979441794967,16.326309734270698,0.0</coordinates>
            </Point>
        </Placemark>
        <Placemark id="1818">
            <name>0.42</name>
            <styleUrl>#1819</styleUrl>
            <Point id="1817">
                <coordinates>80.89798926048776,16.326309734270698,0.0</coordinates>
            </Point>
        </Placemark>
        <Placemark id="1823">
            <name>0.50</name>
            <styleUrl>#1824</styleUrl>
            <Point id="1822">
                <coordinates>80.89803434147882,16.326309734270698,0.0</coordinates>
            </Point>
        </Placemark>
        <Placemark id="1828">
            <name>0.31</name>
            <styleUrl>#1829</styleUrl>
            <Point id="1827">
                <coordinates>80.89780893652353,16.326264642155756,0.0</coordinates>
            </Point>
        </Placemark>
        <Placemark id="1833">
            <name>0.31</name>
            <styleUrl>#1834</styleUrl>
            <Point id="1832">
                <coordinates>80.89785401751459,16.326264642155756,0.0</coordinates>
            </Point>
        </Placemark>
        <Placemark id="1838">
            <name>0.31</name>
            <styleUrl>#1839</styleUrl>
            <Point id="1837">
                <coordinates>80.89789909850565,16.326264642155756,0.0</coordinates>
            </Point>
        </Placemark>
        <Placemark id="1843">
            <name>0.37</name>
            <styleUrl>#1844</styleUrl>
            <Point id="1842">
                <coordinates>80.8979441794967,16.326264642155756,0.0</coordinates>
            </Point>
        </Placemark>
        <Placemark id="1848">
            <name>0.41</name>
            <styleUrl>#1849</styleUrl>
            <Point id="1847">
                <coordinates>80.89798926048776,16.326264642155756,0.0</coordinates>
            </Point>
        </Placemark>
        <Placemark id="1853">
            <name>0.50</name>
            <styleUrl>#1854</styleUrl>
            <Point id="1852">
                <coordinates>80.89803434147882,16.326264642155756,0.0</coordinates>
            </Point>
        </Placemark>
        <Placemark id="1858">
            <name>0.47</name>
            <styleUrl>#1859</styleUrl>
            <Point id="1857">
                <coordinates>80.89776385553247,16.32621955004081,0.0</coordinates>
            </Point>
        </Placemark>
        <Placemark id="1863">
            <name>0.32</name>
            <styleUrl>#1864</styleUrl>
            <Point id="1862">
                <coordinates>80.89780893652353,16.32621955004081,0.0</coordinates>
            </Point>
        </Placemark>
        <Placemark id="1868">
            <name>0.33</name>
            <styleUrl>#1869</styleUrl>
            <Point id="1867">
                <coordinates>80.89785401751459,16.32621955004081,0.0</coordinates>
            </Point>
        </Placemark>
        <Placemark id="1873">
            <name>0.36</name>
            <styleUrl>#1874</styleUrl>
            <Point id="1872">
                <coordinates>80.89789909850565,16.32621955004081,0.0</coordinates>
            </Point>
        </Placemark>
        <Placemark id="1878">
            <name>0.40</name>
            <styleUrl>#1879</styleUrl>
            <Point id="1877">
                <coordinates>80.8979441794967,16.32621955004081,0.0</coordinates>
            </Point>
        </Placemark>
        <Placemark id="1883">
            <name>0.47</name>
            <styleUrl>#1884</styleUrl>
            <Point id="1882">
                <coordinates>80.89776385553247,16.326174457925866,0.0</coordinates>
            </Point>
        </Placemark>
        <Placemark id="1888">
            <name>0.41</name>
            <styleUrl>#1889</styleUrl>
            <Point id="1887">
                <coordinates>80.89780893652353,16.326174457925866,0.0</coordinates>
            </Point>
        </Placemark>
        <Placemark id="1893">
            <name>0.41</name>
            <styleUrl>#1894</styleUrl>
            <Point id="1892">
                <coordinates>80.89785401751459,16.326174457925866,0.0</coordinates>
            </Point>
        </Placemark>
        <Placemark id="1898">
            <name>0.36</name>
            <styleUrl>#1899</styleUrl>
            <Point id="1897">
                <coordinates>80.89789909850565,16.326174457925866,0.0</coordinates>
            </Point>
        </Placemark>
        <Placemark id="1903">
            <name>0.43</name>
            <styleUrl>#1904</styleUrl>
            <Point id="1902">
                <coordinates>80.8979441794967,16.326174457925866,0.0</coordinates>
            </Point>
        </Placemark>
        <Placemark id="1908">
            <name>0.40</name>
            <styleUrl>#1909</styleUrl>
            <Point id="1907">
                <coordinates>80.89825974643409,16.326174457925866,0.0</coordinates>
            </Point>
        </Placemark>
        <Placemark id="1913">
            <name>0.43</name>
            <styleUrl>#1914</styleUrl>
            <Point id="1912">
                <coordinates>80.89789909850565,16.32612936581092,0.0</coordinates>
            </Point>
        </Placemark>
        <Placemark id="1918">
            <name>0.50</name>
            <styleUrl>#1919</styleUrl>
            <Point id="1917">
                <coordinates>80.8979441794967,16.32612936581092,0.0</coordinates>
            </Point>
        </Placemark>
        <Placemark id="1923">
            <name>0.43</name>
            <styleUrl>#1924</styleUrl>
            <Point id="1922">
                <coordinates>80.89771877454142,16.326084273695976,0.0</coordinates>
            </Point>
        </Placemark>
        <Placemark id="1928">
            <name>0.39</name>
            <styleUrl>#1929</styleUrl>
            <Point id="1927">
                <coordinates>80.89776385553247,16.326084273695976,0.0</coordinates>
            </Point>
        </Placemark>
        <Placemark id="1933">
            <name>0.45</name>
            <styleUrl>#1934</styleUrl>
            <Point id="1932">
                <coordinates>80.89789909850565,16.326084273695976,0.0</coordinates>
            </Point>
        </Placemark>
        <Placemark id="1938">
            <name>0.48</name>
            <styleUrl>#1939</styleUrl>
            <Point id="1937">
                <coordinates>80.89771877454142,16.326039181581034,0.0</coordinates>
            </Point>
        </Placemark>
        <Placemark id="1943">
            <name>0.37</name>
            <styleUrl>#1944</styleUrl>
            <Point id="1942">
                <coordinates>80.89776385553247,16.326039181581034,0.0</coordinates>
            </Point>
        </Placemark>
        <Placemark id="1948">
            <name>0.32</name>
            <styleUrl>#1949</styleUrl>
            <Point id="1947">
                <coordinates>80.89780893652353,16.326039181581034,0.0</coordinates>
            </Point>
        </Placemark>
        <Placemark id="1953">
            <name>0.36</name>
            <styleUrl>#1954</styleUrl>
            <Point id="1952">
                <coordinates>80.89785401751459,16.326039181581034,0.0</coordinates>
            </Point>
        </Placemark>
        <Placemark id="1958">
            <name>0.49</name>
            <styleUrl>#1959</styleUrl>
            <Point id="1957">
                <coordinates>80.89789909850565,16.326039181581034,0.0</coordinates>
            </Point>
        </Placemark>
        <Placemark id="1963">
            <name>0.37</name>
            <styleUrl>#1964</styleUrl>
            <Point id="1962">
                <coordinates>80.89771877454142,16.32599408946609,0.0</coordinates>
            </Point>
        </Placemark>
        <Placemark id="1968">
            <name>0.31</name>
            <styleUrl>#1969</styleUrl>
            <Point id="1967">
                <coordinates>80.89776385553247,16.32599408946609,0.0</coordinates>
            </Point>
        </Placemark>
        <Placemark id="1973">
            <name>0.30</name>
            <styleUrl>#1974</styleUrl>
            <Point id="1972">
                <coordinates>80.89780893652353,16.32599408946609,0.0</coordinates>
            </Point>
        </Placemark>
        <Placemark id="1978">
            <name>0.33</name>
            <styleUrl>#1979</styleUrl>
            <Point id="1977">
                <coordinates>80.89785401751459,16.32599408946609,0.0</coordinates>
            </Point>
        </Placemark>
        <Placemark id="1983">
            <name>0.46</name>
            <styleUrl>#1984</styleUrl>
            <Point id="1982">
                <coordinates>80.89789909850565,16.32599408946609,0.0</coordinates>
            </Point>
        </Placemark>
        <Placemark id="1988">
            <name>0.32</name>
            <styleUrl>#1989</styleUrl>
            <Point id="1987">
                <coordinates>80.89771877454142,16.325948997351144,0.0</coordinates>
            </Point>
        </Placemark>
        <Placemark id="1993">
            <name>0.32</name>
            <styleUrl>#1994</styleUrl>
            <Point id="1992">
                <coordinates>80.89776385553247,16.325948997351144,0.0</coordinates>
            </Point>
        </Placemark>
        <Placemark id="1998">
            <name>0.33</name>
            <styleUrl>#1999</styleUrl>
            <Point id="1997">
                <coordinates>80.89780893652353,16.325948997351144,0.0</coordinates>
            </Point>
        </Placemark>
        <Placemark id="2003">
            <name>0.37</name>
            <styleUrl>#2004</styleUrl>
            <Point id="2002">
                <coordinates>80.89785401751459,16.325948997351144,0.0</coordinates>
            </Point>
        </Placemark>
        <Placemark id="2008">
            <name>0.45</name>
            <styleUrl>#2009</styleUrl>
            <Point id="2007">
                <coordinates>80.89789909850565,16.325948997351144,0.0</coordinates>
            </Point>
        </Placemark>
        <Placemark id="2013">
            <name>0.47</name>
            <styleUrl>#2014</styleUrl>
            <Point id="2012">
                <coordinates>80.8979441794967,16.325948997351144,0.0</coordinates>
            </Point>
        </Placemark>
        <Placemark id="2018">
            <name>0.49</name>
            <styleUrl>#2019</styleUrl>
            <Point id="2017">
                <coordinates>80.89798926048776,16.325948997351144,0.0</coordinates>
            </Point>
        </Placemark>
        <Placemark id="2023">
            <name>0.47</name>
            <styleUrl>#2024</styleUrl>
            <Point id="2022">
                <coordinates>80.89785401751459,16.3259039052362,0.0</coordinates>
            </Point>
        </Placemark>
        <Placemark id="2028">
            <name>0.48</name>
            <styleUrl>#2029</styleUrl>
            <Point id="2027">
                <coordinates>80.89803434147882,16.3259039052362,0.0</coordinates>
            </Point>
        </Placemark>
        <Placemark id="2033">
            <name>0.40</name>
            <styleUrl>#2034</styleUrl>
            <Point id="2032">
                <coordinates>80.89767369355036,16.325858813121254,0.0</coordinates>
            </Point>
        </Placemark>
        <Placemark id="2038">
            <name>0.44</name>
            <styleUrl>#2039</styleUrl>
            <Point id="2037">
                <coordinates>80.89771877454142,16.325858813121254,0.0</coordinates>
            </Point>
        </Placemark>
        <Placemark id="2043">
            <name>0.50</name>
            <styleUrl>#2044</styleUrl>
            <Point id="2042">
                <coordinates>80.89816958445199,16.325858813121254,0.0</coordinates>
            </Point>
        </Placemark>
        <Placemark id="2048">
            <name>0.38</name>
            <styleUrl>#2049</styleUrl>
            <Point id="2047">
                <coordinates>80.89767369355036,16.325813721006313,0.0</coordinates>
            </Point>
        </Placemark>
        <Placemark id="2053">
            <name>0.38</name>
            <styleUrl>#2054</styleUrl>
            <Point id="2052">
                <coordinates>80.89771877454142,16.325813721006313,0.0</coordinates>
            </Point>
        </Placemark>
        <Placemark id="2058">
            <name>0.42</name>
            <styleUrl>#2059</styleUrl>
            <Point id="2057">
                <coordinates>80.89767369355036,16.325768628891367,0.0</coordinates>
            </Point>
        </Placemark>
        <Placemark id="2063">
            <name>0.44</name>
            <styleUrl>#2064</styleUrl>
            <Point id="2062">
                <coordinates>80.89771877454142,16.325768628891367,0.0</coordinates>
            </Point>
        </Placemark>
        <Placemark id="2068">
            <name>0.42</name>
            <styleUrl>#2069</styleUrl>
            <Point id="2067">
                <coordinates>80.89776385553247,16.325768628891367,0.0</coordinates>
            </Point>
        </Placemark>
        <Placemark id="2073">
            <name>0.39</name>
            <styleUrl>#2074</styleUrl>
            <Point id="2072">
                <coordinates>80.89780893652353,16.325768628891367,0.0</coordinates>
            </Point>
        </Placemark>
        <Placemark id="2078">
            <name>0.44</name>
            <styleUrl>#2079</styleUrl>
            <Point id="2077">
                <coordinates>80.89762861255932,16.325723536776422,0.0</coordinates>
            </Point>
        </Placemark>
        <Placemark id="2083">
            <name>0.43</name>
            <styleUrl>#2084</styleUrl>
            <Point id="2082">
                <coordinates>80.89767369355036,16.325723536776422,0.0</coordinates>
            </Point>
        </Placemark>
        <Placemark id="2088">
            <name>0.50</name>
            <styleUrl>#2089</styleUrl>
            <Point id="2087">
                <coordinates>80.89771877454142,16.325723536776422,0.0</coordinates>
            </Point>
        </Placemark>
        <Placemark id="2093">
            <name>0.39</name>
            <styleUrl>#2094</styleUrl>
            <Point id="2092">
                <coordinates>80.89776385553247,16.325723536776422,0.0</coordinates>
            </Point>
        </Placemark>
        <Placemark id="2098">
            <name>0.37</name>
            <styleUrl>#2099</styleUrl>
            <Point id="2097">
                <coordinates>80.89780893652353,16.325723536776422,0.0</coordinates>
            </Point>
        </Placemark>
        <Placemark id="2103">
            <name>0.45</name>
            <styleUrl>#2104</styleUrl>
            <Point id="2102">
                <coordinates>80.89762861255932,16.325678444661477,0.0</coordinates>
            </Point>
        </Placemark>
        <Placemark id="2108">
            <name>0.35</name>
            <styleUrl>#2109</styleUrl>
            <Point id="2107">
                <coordinates>80.89767369355036,16.325678444661477,0.0</coordinates>
            </Point>
        </Placemark>
        <Placemark id="2113">
            <name>0.50</name>
            <styleUrl>#2114</styleUrl>
            <Point id="2112">
                <coordinates>80.89771877454142,16.325678444661477,0.0</coordinates>
            </Point>
        </Placemark>
        <Placemark id="2118">
            <name>0.44</name>
            <styleUrl>#2119</styleUrl>
            <Point id="2117">
                <coordinates>80.89780893652353,16.325678444661477,0.0</coordinates>
            </Point>
        </Placemark>
        <Placemark id="2123">
            <name>0.46</name>
            <styleUrl>#2124</styleUrl>
            <Point id="2122">
                <coordinates>80.89785401751459,16.325678444661477,0.0</coordinates>
            </Point>
        </Placemark>
        <Placemark id="2128">
            <name>0.44</name>
            <styleUrl>#2129</styleUrl>
            <Point id="2127">
                <coordinates>80.89789909850565,16.325678444661477,0.0</coordinates>
            </Point>
        </Placemark>
        <Placemark id="2133">
            <name>0.48</name>
            <styleUrl>#2134</styleUrl>
            <Point id="2132">
                <coordinates>80.8979441794967,16.325678444661477,0.0</coordinates>
            </Point>
        </Placemark>
        <Placemark id="2138">
            <name>0.44</name>
            <styleUrl>#2139</styleUrl>
            <Point id="2137">
                <coordinates>80.89762861255932,16.325633352546532,0.0</coordinates>
            </Point>
        </Placemark>
        <Placemark id="2143">
            <name>0.33</name>
            <styleUrl>#2144</styleUrl>
            <Point id="2142">
                <coordinates>80.89767369355036,16.325633352546532,0.0</coordinates>
            </Point>
        </Placemark>
        <Placemark id="2148">
            <name>0.41</name>
            <styleUrl>#2149</styleUrl>
            <Point id="2147">
                <coordinates>80.89771877454142,16.325633352546532,0.0</coordinates>
            </Point>
        </Placemark>
        <Placemark id="2153">
            <name>0.49</name>
            <styleUrl>#2154</styleUrl>
            <Point id="2152">
                <coordinates>80.89785401751459,16.325633352546532,0.0</coordinates>
            </Point>
        </Placemark>
        <Placemark id="2158">
            <name>0.41</name>
            <styleUrl>#2159</styleUrl>
            <Point id="2157">
                <coordinates>80.89789909850565,16.325633352546532,0.0</coordinates>
            </Point>
        </Placemark>
        <Placemark id="2163">
            <name>0.47</name>
            <styleUrl>#2164</styleUrl>
            <Point id="2162">
                <coordinates>80.8979441794967,16.325633352546532,0.0</coordinates>
            </Point>
        </Placemark>
        <Placemark id="2168">
            <name>0.49</name>
            <styleUrl>#2169</styleUrl>
            <Point id="2167">
                <coordinates>80.89798926048776,16.325633352546532,0.0</coordinates>
            </Point>
        </Placemark>
        <Placemark id="2173">
            <name>0.48</name>
            <styleUrl>#2174</styleUrl>
            <Point id="2172">
                <coordinates>80.89758353156826,16.32558826043159,0.0</coordinates>
            </Point>
        </Placemark>
        <Placemark id="2178">
            <name>0.32</name>
            <styleUrl>#2179</styleUrl>
            <Point id="2177">
                <coordinates>80.89762861255932,16.32558826043159,0.0</coordinates>
            </Point>
        </Placemark>
        <Placemark id="2183">
            <name>0.33</name>
            <styleUrl>#2184</styleUrl>
            <Point id="2182">
                <coordinates>80.89767369355036,16.32558826043159,0.0</coordinates>
            </Point>
        </Placemark>
        <Placemark id="2188">
            <name>0.40</name>
            <styleUrl>#2189</styleUrl>
            <Point id="2187">
                <coordinates>80.89771877454142,16.32558826043159,0.0</coordinates>
            </Point>
        </Placemark>
        <Placemark id="2193">
            <name>0.43</name>
            <styleUrl>#2194</styleUrl>
            <Point id="2192">
                <coordinates>80.89758353156826,16.325543168316646,0.0</coordinates>
            </Point>
        </Placemark>
        <Placemark id="2198">
            <name>0.41</name>
            <styleUrl>#2199</styleUrl>
            <Point id="2197">
                <coordinates>80.89762861255932,16.325543168316646,0.0</coordinates>
            </Point>
        </Placemark>
        <Placemark id="2203">
            <name>0.39</name>
            <styleUrl>#2204</styleUrl>
            <Point id="2202">
                <coordinates>80.89767369355036,16.325543168316646,0.0</coordinates>
            </Point>
        </Placemark>
        <Placemark id="2208">
            <name>0.43</name>
            <styleUrl>#2209</styleUrl>
            <Point id="2207">
                <coordinates>80.89771877454142,16.325543168316646,0.0</coordinates>
            </Point>
        </Placemark>
        <Placemark id="2213">
            <name>0.49</name>
            <styleUrl>#2214</styleUrl>
            <Point id="2212">
                <coordinates>80.89776385553247,16.325543168316646,0.0</coordinates>
            </Point>
        </Placemark>
        <Placemark id="2218">
            <name>0.46</name>
            <styleUrl>#2219</styleUrl>
            <Point id="2217">
                <coordinates>80.89789909850565,16.325543168316646,0.0</coordinates>
            </Point>
        </Placemark>
        <Placemark id="2223">
            <name>0.42</name>
            <styleUrl>#2224</styleUrl>
            <Point id="2222">
                <coordinates>80.89758353156826,16.3254980762017,0.0</coordinates>
            </Point>
        </Placemark>
        <Placemark id="2228">
            <name>0.49</name>
            <styleUrl>#2229</styleUrl>
            <Point id="2227">
                <coordinates>80.89762861255932,16.3254980762017,0.0</coordinates>
            </Point>
        </Placemark>
        <Placemark id="2233">
            <name>0.44</name>
            <styleUrl>#2234</styleUrl>
            <Point id="2232">
                <coordinates>80.89771877454142,16.3254980762017,0.0</coordinates>
            </Point>
        </Placemark>
        <Placemark id="2238">
            <name>0.33</name>
            <styleUrl>#2239</styleUrl>
            <Point id="2237">
                <coordinates>80.89744828859509,16.32536279985687,0.0</coordinates>
            </Point>
        </Placemark>
        <Placemark id="2243">
            <name>0.46</name>
            <styleUrl>#2244</styleUrl>
            <Point id="2242">
                <coordinates>80.89803434147882,16.32536279985687,0.0</coordinates>
            </Point>
        </Placemark>
        <Placemark id="2248">
            <name>0.48</name>
            <styleUrl>#2249</styleUrl>
            <Point id="2247">
                <coordinates>80.8975384505772,16.325317707741924,0.0</coordinates>
            </Point>
        </Placemark>
        <Placemark id="2253">
            <name>0.49</name>
            <styleUrl>#2254</styleUrl>
            <Point id="2252">
                <coordinates>80.89749336958614,16.32527261562698,0.0</coordinates>
            </Point>
        </Placemark>
        <Placemark id="2258">
            <name>0.36</name>
            <styleUrl>#2259</styleUrl>
            <Point id="2257">
                <coordinates>80.8975384505772,16.32527261562698,0.0</coordinates>
            </Point>
        </Placemark>
        <Placemark id="2263">
            <name>0.45</name>
            <styleUrl>#2264</styleUrl>
            <Point id="2262">
                <coordinates>80.8975384505772,16.325227523512034,0.0</coordinates>
            </Point>
        </Placemark>
        <Placemark id="2268">
            <name>0.48</name>
            <styleUrl>#2269</styleUrl>
            <Point id="2267">
                <coordinates>80.89762861255932,16.325227523512034,0.0</coordinates>
            </Point>
        </Placemark>
        <Placemark id="2273">
            <name>0.48</name>
            <styleUrl>#2274</styleUrl>
            <Point id="2272">
                <coordinates>80.89767369355036,16.325227523512034,0.0</coordinates>
            </Point>
        </Placemark>
        <Placemark id="2278">
            <name>0.44</name>
            <styleUrl>#2279</styleUrl>
            <Point id="2277">
                <coordinates>80.8975384505772,16.325182431397092,0.0</coordinates>
            </Point>
        </Placemark>
        <Placemark id="2283">
            <name>0.44</name>
            <styleUrl>#2284</styleUrl>
            <Point id="2282">
                <coordinates>80.89749336958614,16.325137339282147,0.0</coordinates>
            </Point>
        </Placemark>
        <Placemark id="2288">
            <name>0.50</name>
            <styleUrl>#2289</styleUrl>
            <Point id="2287">
                <coordinates>80.8975384505772,16.325137339282147,0.0</coordinates>
            </Point>
        </Placemark>
        <Placemark id="2293">
            <name>0.42</name>
            <styleUrl>#2294</styleUrl>
            <Point id="2292">
                <coordinates>80.89776385553247,16.325137339282147,0.0</coordinates>
            </Point>
        </Placemark>
        <Placemark id="2298">
            <name>0.43</name>
            <styleUrl>#2299</styleUrl>
            <Point id="2297">
                <coordinates>80.8975384505772,16.325092247167202,0.0</coordinates>
            </Point>
        </Placemark>
        <Placemark id="2303">
            <name>0.43</name>
            <styleUrl>#2304</styleUrl>
            <Point id="2302">
                <coordinates>80.89776385553247,16.325092247167202,0.0</coordinates>
            </Point>
        </Placemark>
        <Placemark id="2308">
            <name>0.49</name>
            <styleUrl>#2309</styleUrl>
            <Point id="2307">
                <coordinates>80.89780893652353,16.325092247167202,0.0</coordinates>
            </Point>
        </Placemark>
        <Placemark id="2313">
            <name>0.49</name>
            <styleUrl>#2314</styleUrl>
            <Point id="2312">
                <coordinates>80.89776385553247,16.325047155052257,0.0</coordinates>
            </Point>
        </Placemark>
        <Placemark id="2318">
            <name>0.47</name>
            <styleUrl>#2319</styleUrl>
            <Point id="2317">
                <coordinates>80.89780893652353,16.325047155052257,0.0</coordinates>
            </Point>
        </Placemark>
        <Placemark id="2323">
            <name>0.44</name>
            <styleUrl>#2324</styleUrl>
            <Point id="2322">
                <coordinates>80.89785401751459,16.325047155052257,0.0</coordinates>
            </Point>
        </Placemark>
        <Placemark id="2328">
            <name>0.44</name>
            <styleUrl>#2329</styleUrl>
            <Point id="2327">
                <coordinates>80.89780893652353,16.325002062937312,0.0</coordinates>
            </Point>
        </Placemark>
        <Placemark id="2333">
            <name>0.44</name>
            <styleUrl>#2334</styleUrl>
            <Point id="2332">
                <coordinates>80.89785401751459,16.325002062937312,0.0</coordinates>
            </Point>
        </Placemark>
    </Document>
</kml>
